<?xml version="1.0" encoding="UTF-8"?>
<project-private xmlns="http://www.netbeans.org/ns/project-private/1">
    <editor-bookmarks xmlns="http://www.netbeans.org/ns/editor-bookmarks/2" lastBookmarkId="0"/>
    <open-files xmlns="http://www.netbeans.org/ns/projectui-open-files/2">
        <group>
            <file>file:/C:/Users/KLEBER/Desktop/FACULDADE/Thiago/modulo%2008/LoginWebApp-master/src/java/in/edu/dmodi/loginwebapp/servlets/RegisterServlet.java</file>
            <file>file:/C:/Users/KLEBER/Desktop/FACULDADE/Thiago/modulo%2008/LoginWebApp-master/web/welcome.jsp</file>
            <file>file:/C:/Users/KLEBER/Desktop/FACULDADE/Thiago/modulo%2008/LoginWebApp-master/web/home.jsp</file>
            <file>file:/C:/Users/KLEBER/Desktop/FACULDADE/Thiago/modulo%2008/LoginWebApp-master/src/java/in/edu/dmodi/loginwebapp/servlets/MyServlet.java</file>
            <file>file:/C:/Users/KLEBER/Desktop/FACULDADE/Thiago/modulo%2008/LoginWebApp-master/web/registration.jsp</file>
        </group>
    </open-files>
</project-private>
